fraction,D_estimate,num_sizes,min_area,max_area,min_perimeter,max_perimeter
0.1,1.9999999999999962,5,1132,2276,1132,2276
0.2,2.00000000000001,5,2262,4534,2262,4534
0.3,1.9999999999999913,5,2026,4066,2026,4066
